{
    "loss": 0.6202043294906616,
    "accuracy": 0.9482758641242981
}