{
    "loss": 0.871024489402771,
    "accuracy": 0.8793103694915771
}